feature,mean_importance
ERA,-6.071532165918824e-19
XR27,-4.336808689942018e-19
BWPA,-3.4694469519536144e-19
FIP,-3.4694469519536144e-19
PWPA,-1.7347234759768072e-19
WHIP,-1.7347234759768072e-19
wRC+,-1.7347234759768072e-19
GPA,-8.673617379884036e-20
wOBA,-8.673617379884036e-20
RC27,0.0
BWAR,0.0005593078113810335
PWAR,0.0009162367207169797
