feature,mean_importance
UC피홈런,0.04516731821076174
UC타율,0.10275955314084957
UC홈런,0.21813684135352945
UC피안타율,0.22968373331380634
