feature,shap_importance
UC피안타율,0.31937876
UC홈런,0.2375923
UC타율,0.21249959
UC피홈런,0.1505737
