target,prediction
0.4930555555555556,0.46601066
0.4861111111111111,0.5110829
0.4930555555555556,0.45625755
0.4722222222222222,0.510442
0.4861111111111111,0.46367252
0.4791666666666667,0.47712034
0.5486111111111112,0.57743895
0.5555555555555556,0.5337505
0.6111111111111112,0.584067
0.5277777777777778,0.5275801
0.4166666666666667,0.42712122
0.6111111111111112,0.53736824
0.4791666666666667,0.5343632
0.4305555555555556,0.44626006
0.4027777777777778,0.42348975
0.4791666666666667,0.5300675
