feature,mean_importance
GPA,1.2143064331837649e-18
WHIP,1.474514954580286e-18
FIP,1.734723475976807e-18
wRC+,1.8214596497756475e-18
PWPA,1.994931997373328e-18
RC27,1.994931997373328e-18
wOBA,2.0816681711721684e-18
BWPA,2.168404344971009e-18
ERA,2.5153490401663702e-18
XR27,2.6020852139652106e-18
BWAR,0.0005593078113810358
PWAR,0.0009162367207169815
