target,prediction
0.4930555555555556,0.49446312
0.4861111111111111,0.4879474
0.4930555555555556,0.49390492
0.4722222222222222,0.4747389
0.4861111111111111,0.4879474
0.4791666666666667,0.48143795
0.5486111111111112,0.5435249
0.5555555555555556,0.5490477
0.6111111111111112,0.5986565
0.5277777777777778,0.5254608
0.4166666666666667,0.4145099
0.6111111111111112,0.5986565
0.4791666666666667,0.48143795
0.4305555555555556,0.41984165
0.4027777777777778,0.40101126
0.4791666666666667,0.48143795
