target,prediction
0.4930555555555556,0.4631972
0.4861111111111111,0.5140618
0.4930555555555556,0.475299
0.4722222222222222,0.5169256
0.4861111111111111,0.48509753
0.4791666666666667,0.5169256
0.5486111111111112,0.5811528
0.5555555555555556,0.5360059
0.6111111111111112,0.56379855
0.5277777777777778,0.51388687
0.4166666666666667,0.40881646
0.6111111111111112,0.48303172
0.4791666666666667,0.5081358
0.4305555555555556,0.43348253
0.4027777777777778,0.41174558
0.4791666666666667,0.5245841
