feature,mean_importance
UC홈런,0.00011380492749343192
UC피안타율,0.0004093900024517018
UC타율,0.0008716409387720357
UC피홈런,0.001248858461179176
