feature,shap_importance
UC타율,0.0182659716975222
UC피홈런,0.016391101788948575
UC피안타율,0.013366288511551515
UC홈런,0.0036955768010724145
