feature,mean_importance
UC피홈런,0.14320513463235943
UC피안타율,0.1660839657687281
UC홈런,0.19120122275197798
UC타율,0.1991524842675922
