feature,weight
intercept,0.044342661510706136
UC타율,0.45276552513989027
UC피안타율,-0.4040267853897366
UC피홈런,-0.2262424932270669
UC홈런,0.3442628800174908
