feature,shap_importance
UC피안타율,0.31809896549299266
UC타율,0.2541995411350837
UC홈런,0.2499482876115444
UC피홈런,0.23400185589858521
