feature,mean_importance
UC피안타율,0.03302294406500093
UC타율,0.06943142853278361
UC피홈런,0.21912731590590767
UC홈런,0.22247275305566042
