feature,shap_importance
UC홈런,0.1323581068585914
UC타율,0.11225551997903857
UC피안타율,0.07391791414416367
UC피홈런,0.0369160685409076
