feature,mean_importance
UC피홈런,0.029434615913463257
UC타율,0.05152075118254325
UC홈런,0.07284959192382712
UC피안타율,0.10994599747316051
